id,first_name,last_name,email,pet,address
1,Nichols,Keable,nkeable0@businessinsider.com,Male,8 Express Hill
2,Mitchell,Brigstock,mbrigstock1@networksolutions.com,Male,2 Muir Street
3,Myrtice,Ingarfill,mingarfill2@princeton.edu,Female,90 Chinook Road
4,Averil,Embury,aembury3@google.nl,Female,17215 Moland Park
5,Blakelee,Catlow,bcatlow4@prnewswire.com,Female,8 Express Trail
6,Stewart,Moffet,smoffet5@amazon.de,Male,53 Main Road
7,Gregor,Owain,gowain6@xrea.com,Male,6186 Montana Plaza
8,Lloyd,Benard,lbenard7@amazon.co.jp,Male,93906 Fisk Hill
9,Yank,Thirst,ythirst8@forbes.com,Male,62594 Waubesa Center
10,Albie,Fleischer,afleischer9@wp.com,Male,1271 Summer Ridge Court
11,Ambros,Collard,acollarda@wiley.com,Male,197 International Way
12,Gwenny,Pedrollo,gpedrollob@goo.gl,Female,1236 Brickson Park Junction
13,Berke,McGeechan,bmcgeechanc@goo.ne.jp,Male,6 Garrison Parkway
14,Pru,Hugonin,phugonind@wiley.com,Female,5 Northridge Place
15,Vinni,Jiran,vjirane@chicagotribune.com,Female,941 Northland Park
16,Ortensia,Bissill,obissillf@prlog.org,Female,83021 Lakewood Gardens Center
17,Genevra,Canelas,gcanelasg@kickstarter.com,Female,25810 Jenna Drive
18,Jeremiah,Given,jgivenh@sina.com.cn,Male,0 Swallow Road
19,Blythe,Steuart,bsteuarti@delicious.com,Female,99226 Bartillon Place
20,Padget,Abba,pabbaj@smh.com.au,Male,50 Thompson Parkway
21,Meara,Richfield,mrichfieldk@exblog.jp,Female,1 Dunning Terrace
22,Hersh,McLachlan,hmclachlanl@mayoclinic.com,Male,3 Spenser Hill
23,Felix,Storcke,fstorckem@cafepress.com,Male,01 Menomonie Pass
24,Fayre,Havock,fhavockn@usnews.com,Female,4585 Ohio Road
25,Rollie,Ewols,rewolso@tmall.com,Male,55706 Fair Oaks Park
26,Monroe,Slarke,mslarkep@princeton.edu,Male,62 Trailsway Park
27,Sterne,Gibbieson,sgibbiesonq@eventbrite.com,Male,36 Westerfield Road
28,Fabian,Swanton,fswantonr@goo.ne.jp,Male,609 Dovetail Trail
29,Peter,Albone,palbones@howstuffworks.com,Male,9 Armistice Parkway
30,Esteban,Poore,epooret@salon.com,Male,43 Havey Junction
31,Oriana,Lenoir,olenoiru@wordpress.com,Female,7249 Ludington Trail
32,Brigitta,Cockerham,bcockerhamv@wikipedia.org,Female,928 Quincy Point
33,Dorothee,Cleef,dcleefw@tmall.com,Female,6 Talisman Alley
34,Gerrie,Krink,gkrinkx@nsw.gov.au,Female,10 Kim Hill
35,Ignacius,Engeham,iengehamy@nsw.gov.au,Male,2 Schlimgen Avenue
36,Xymenes,Roskeilly,xroskeillyz@scribd.com,Male,227 Talmadge Junction
37,Morissa,Pordall,mpordall10@photobucket.com,Female,002 Algoma Court
38,Cortie,Boffey,cboffey11@harvard.edu,Male,5 Sullivan Pass
39,Winonah,Bisseker,wbisseker12@salon.com,Female,21 Logan Drive
40,Theresita,Skerratt,tskerratt13@macromedia.com,Female,4969 South Lane
41,Devonna,Pendlington,dpendlington14@facebook.com,Female,738 Fulton Lane
42,Frederico,Dugmore,fdugmore15@bluehost.com,Male,52618 Moulton Street
43,Tedie,Ericsson,tericsson16@bandcamp.com,Male,44489 Luster Crossing
44,Gabi,Caunter,gcaunter17@simplemachines.org,Female,41 Rusk Hill
45,Correy,Postill,cpostill18@diigo.com,Male,519 Merrick Park
46,Jacinda,Hachard,jhachard19@earthlink.net,Female,1 Southridge Trail
47,Dill,Lithcow,dlithcow1a@furl.net,Male,9410 Surrey Court
48,Jeramey,Dewicke,jdewicke1b@nymag.com,Male,5100 Dixon Street
49,Mari,Baxstair,mbaxstair1c@gravatar.com,Female,856 Morningstar Parkway
50,Roscoe,Baverstock,rbaverstock1d@pen.io,Male,73456 Russell Place
51,Parker,Larman,plarman1e@wikia.com,Male,26527 Anniversary Crossing
52,Willetta,Langhorne,wlanghorne1f@sciencedirect.com,Female,5529 Dawn Avenue
53,Sutherland,Honnan,shonnan1g@intel.com,Male,74 Scoville Point
54,Byram,Giercke,bgiercke1h@nationalgeographic.com,Male,552 Hansons Circle
55,Blondell,Broadist,bbroadist1i@wikispaces.com,Female,78 Dakota Junction
56,Meggi,Schulze,mschulze1j@ihg.com,Female,485 Burning Wood Hill
57,Candra,Bussons,cbussons1k@berkeley.edu,Female,248 Cardinal Drive
58,Antonie,Corselles,acorselles1l@google.it,Female,16530 1st Park
59,Georgetta,Thoresby,gthoresby1m@list-manage.com,Female,810 Chive Parkway
60,Celinda,Wozencraft,cwozencraft1n@xinhuanet.com,Female,39853 Sycamore Avenue
61,Heidi,Wybourne,hwybourne1o@dropbox.com,Female,1 Washington Road
62,Haywood,Perrot,hperrot1p@samsung.com,Male,9312 Doe Crossing Alley
63,Jeannine,Sangwine,jsangwine1q@chicagotribune.com,Female,12 Mayer Hill
64,Myranda,Fuller,mfuller1r@histats.com,Female,1621 Mesta Drive
65,Lotte,Moralee,lmoralee1s@ebay.com,Female,175 Mitchell Drive
66,Karisa,Frankham,kfrankham1t@drupal.org,Female,9 Summit Circle
67,Sadella,Wales,swales1u@dailymotion.com,Female,0 South Court
68,Jacinda,Barensky,jbarensky1v@jiathis.com,Female,61 Fallview Junction
69,Findley,Morden,fmorden1w@github.io,Male,53427 Clove Court
70,Debra,Carvell,dcarvell1x@gov.uk,Female,714 Oakridge Street
71,Gibb,Wallbank,gwallbank1y@yandex.ru,Male,23 Fallview Circle
72,Boy,Tomaskunas,btomaskunas1z@gov.uk,Male,15 Hoard Lane
73,Gayla,Sudddard,gsudddard20@themeforest.net,Female,392 Buena Vista Junction
74,Lacey,Fritchly,lfritchly21@newyorker.com,Female,31 Eastwood Parkway
75,Moira,Szantho,mszantho22@kickstarter.com,Female,4608 Delladonna Circle
76,Clem,Godbald,cgodbald23@jalbum.net,Male,68491 American Ash Avenue
77,Gilemette,Chern,gchern24@usatoday.com,Female,96715 Grover Drive
78,Delmer,Galey,dgaley25@reuters.com,Male,4 Scofield Center
79,Giffy,Patty,gpatty26@nyu.edu,Male,57520 Garrison Point
80,Puff,Gurery,pgurery27@plala.or.jp,Male,9 Westport Drive
81,Darrell,Treves,dtreves28@vk.com,Male,85596 Crest Line Lane
82,Sella,Feilden,sfeilden29@google.fr,Female,75 Victoria Pass
83,Merrel,Widd,mwidd2a@multiply.com,Male,88495 Monica Parkway
84,Rutledge,Chape,rchape2b@hugedomains.com,Male,53 Miller Terrace
85,Vinson,Akram,vakram2c@fc2.com,Male,85 Banding Way
86,Marlie,Cotterrill,mcotterrill2d@typepad.com,Female,0 Surrey Street
87,Electra,Tanswill,etanswill2e@boston.com,Female,1455 Butternut Hill
88,Brantley,MacGuffie,bmacguffie2f@sina.com.cn,Male,871 Lakeland Alley
89,Mame,Pennick,mpennick2g@wsj.com,Female,85 Pepper Wood Terrace
90,Leopold,Rooney,lrooney2h@narod.ru,Male,344 Vahlen Park
91,Willie,Wellan,wwellan2i@a8.net,Female,688 Blackbird Avenue
92,Alva,Dummigan,adummigan2j@cpanel.net,Male,2 Meadow Valley Court
93,Fitz,Swigg,fswigg2k@blogtalkradio.com,Male,2 Carey Trail
94,Alaric,Domnin,adomnin2l@census.gov,Male,726 Lakewood Road
95,Cristian,Hollebon,chollebon2m@weather.com,Male,7253 Coolidge Point
96,Bea,Jeffcock,bjeffcock2n@unc.edu,Female,410 Hazelcrest Terrace
97,Yasmeen,Leinweber,yleinweber2o@hibu.com,Female,6 Luster Junction
98,Padriac,Jancar,pjancar2p@php.net,Male,8612 Hovde Alley
99,Michal,Wyper,mwyper2q@timesonline.co.uk,Male,5 Porter Park
100,Valera,Scibsey,vscibsey2r@ed.gov,Female,26111 Arizona Terrace
